,Phone Name,Prices,Location,Phone Condition,More Info
0,New Apple iPhone 11 128 GB Yellow,"GH₵ 4,300","Greater Accra, Accra Metropolitan","Brand New 
        
          4 GB 
        
          5.1-6 inches",https://tonaton.com/a_new-apple-iphone-11-128-gb-yellow-pmgy1ukuZLMB6rfpWeNLdbJT.html
1,New Apple iPhone 11 64 GB Purple,"GH₵ 3,700","Greater Accra, Accra Metropolitan","Brand New 
        
          4 GB 
        
          5.1-6 inches",https://tonaton.com/a_new-apple-iphone-11-64-gb-purple-5gfLp8Y632jyptJFEFNzVDrL.html
2,Apple iPhone 11 Pro Max 64 GB Black,"GH₵ 5,550","Greater Accra, Accra Metropolitan","Used 
        
          6 GB 
        
          5.1-6 inches",https://tonaton.com/a_apple-iphone-11-pro-max-64-gb-black-bcWwdYTldmRXustHShT1e3hj.html
3,Apple iPhone 11 64 GB Red,"GH₵ 3,600","Greater Accra, Accra Metropolitan","Used 
        
          4 GB 
        
          5.1-6 inches",https://tonaton.com/a_apple-iphone-11-64-gb-red-fRNKWKVGeqqMscjPlcRHn4AY.html
4,New Samsung Galaxy S20 Ultra 5G 512 GB Black,"GH₵ 2,300","Greater Accra, Accra Metropolitan",Brand New,https://tonaton.com/a_new-samsung-galaxy-s20-ultra-5g-512-gb-black-cDMbgDtE9NuLpWw64SNWvJty.html
5,New Samsung Galaxy S22 Ultra 5G 512 GB Black,"GH₵ 3,100","Greater Accra, Accra Metropolitan",Brand New,https://tonaton.com/a_new-samsung-galaxy-s22-ultra-5g-512-gb-black-f5xusTuq2kBSaTh6IERvuWyJ.html
6,New Tecno Spark 10 Pro 256 GB Black,"GH₵ 1,250","Greater Accra, Accra Metropolitan",Brand New,https://tonaton.com/a_new-tecno-spark-10-pro-256-gb-black-2UKEwW2wB9VqlH3CBWZdMe5D.html
7,New Tecno Spark 10 Pro 256 GB Black,"GH₵ 1,250","Greater Accra, Accra Metropolitan",Brand New,https://tonaton.com/a_new-tecno-spark-10-pro-256-gb-black-mGYghiV5wN4zwFjICZ69ds0Q.html
8,New Samsung Galaxy S21 Ultra 5G 512 GB Black,"GH₵ 2,700","Greater Accra, Accra Metropolitan",Brand New,https://tonaton.com/a_new-samsung-galaxy-s21-ultra-5g-512-gb-black-Bv3jf4fy2UYdV9DehCc7aenK.html
9,New Samsung Galaxy A73 5G 256 GB Black,"GH₵ 2,100","Greater Accra, Accra Metropolitan",Brand New,https://tonaton.com/a_new-samsung-galaxy-a73-5g-256-gb-black-cjE0Sw2yIoSMkmBE2AJX0UpB.html
10,New Tecno Camon 20 Pro 256 GB Black,"GH₵ 1,800","Greater Accra, Accra Metropolitan",Brand New,https://tonaton.com/a_new-tecno-camon-20-pro-256-gb-black-5Vn5AYVtnemKMfwMtB8zUXok.html
11,New Samsung Galaxy S21 Ultra 5G 512 GB Black,"GH₵ 2,700","Greater Accra, Accra Metropolitan",Brand New,https://tonaton.com/a_new-samsung-galaxy-s21-ultra-5g-512-gb-black-g0NihSapdMW1tu5UzpUuohSB.html
12,New Tecno Spark 10 Pro 256 GB Black,"GH₵ 1,250","Greater Accra, Accra Metropolitan",Brand New,https://tonaton.com/a_new-tecno-spark-10-pro-256-gb-black-5DbOppMPnGMohBmVAxmxwsXT.html
13,New Samsung Galaxy S21 Ultra 5G 512 GB Black,"GH₵ 2,700","Greater Accra, Accra Metropolitan",Brand New,https://tonaton.com/a_new-samsung-galaxy-s21-ultra-5g-512-gb-black-5vi8uexvd9MuYOFahSmEkXpJ.html
14,New Samsung Galaxy S20 Ultra 5G 512 GB Black,"GH₵ 2,300","Greater Accra, Accra Metropolitan",Brand New,https://tonaton.com/a_new-samsung-galaxy-s20-ultra-5g-512-gb-black-dhQq9q86Ys31DfxRsdWpU3tq.html
15,New Samsung Galaxy S22 Ultra 5G 512 GB Black,"GH₵ 3,100","Greater Accra, Accra Metropolitan",Brand New,https://tonaton.com/a_new-samsung-galaxy-s22-ultra-5g-512-gb-black-l8nc54lFByoDeVS0tLaILc4x.html
16,New Tecno Camon 20 Premier 5G 512 GB Black,"GH₵ 1,800","Greater Accra, Accra Metropolitan",Brand New,https://tonaton.com/a_new-tecno-camon-20-premier-5g-512-gb-black-cNIcrVVhXuTKxFZGxh4ICCLV.html
17,New Samsung Galaxy S22 Ultra 5G 512 GB Black,"GH₵ 5,000","Greater Accra, Accra Metropolitan",Brand New,https://tonaton.com/a_new-samsung-galaxy-s22-ultra-5g-512-gb-black-iP2quBeEWtbgtrzWzs4AUThv.html
18,New Samsung Galaxy S23 Ultra 512 GB Gray,"GH₵ 8,800","Greater Accra, Accra Metropolitan",Brand New,https://tonaton.com/a_new-samsung-galaxy-s23-ultra-512-gb-gray-1uil0GAamR7exBrzEBThOVA3.html
19,New Samsung Galaxy Note 20 Ultra 5G 512 GB Gold,"GH₵ 4,100","Greater Accra, Accra Metropolitan",Brand New,https://tonaton.com/a_new-samsung-galaxy-note-20-ultra-5g-512-gb-gold-dycGHEBC83MWLV4g15eNKV5H.html
20,New Samsung Galaxy S20 Ultra 512 GB Black,"GH₵ 2,500","Greater Accra, Accra Metropolitan",Brand New,https://tonaton.com/a_new-samsung-galaxy-s20-ultra-512-gb-black-lgCzYrb4sic83cN2ymv9BIb1.html
21,New Tecno Camon 20 Premier 5G 512 GB Black,"GH₵ 1,800","Greater Accra, Accra Metropolitan",Brand New,https://tonaton.com/a_new-tecno-camon-20-premier-5g-512-gb-black-3pd7E6tGI2EuWif4KAT7TJK1.html
22,New Tecno Camon 20 Pro 256 GB White,"GH₵ 1,600","Greater Accra, Accra Metropolitan",Brand New,https://tonaton.com/a_new-tecno-camon-20-pro-256-gb-white-xrpzck2eFDIjlkmPG4Objbl5.html
23,New Samsung Galaxy S20 Ultra 5G 512 GB Black,"GH₵ 2,800","Greater Accra, Accra Metropolitan",Brand New,https://tonaton.com/a_new-samsung-galaxy-s20-ultra-5g-512-gb-black-dGl4U536M7VnXgTXWWTH4cho.html
24,New Tecno Spark 10 Pro 256 GB Black,"GH₵ 1,300","Greater Accra, Accra Metropolitan",Brand New,https://tonaton.com/a_new-tecno-spark-10-pro-256-gb-black-pKnnUDmvShBYx3gU62yX7v7p.html
25,New Tecno Camon 20 Pro 256 GB Black,"GH₵ 1,500","Greater Accra, Accra Metropolitan",Brand New,https://tonaton.com/a_new-tecno-camon-20-pro-256-gb-black-sj6GpUVO8Tli2CeRQy0apL4o.html
26,Apple iPhone XR 64 GB White,"GH₵ 2,700","Greater Accra, Accra Metropolitan",Used,https://tonaton.com/a_apple-iphone-xr-64-gb-white-1vLjwH0glNtgW5Ho4WGkbUYn.html
27,New Samsung Galaxy S21 Ultra 5G 512 GB Gray,"GH₵ 3,600","Greater Accra, Accra Metropolitan",Brand New,https://tonaton.com/a_new-samsung-galaxy-s21-ultra-5g-512-gb-gray-zQve0QD52IXbrz5aBLwWWhfl.html
28,New Tecno Spark 10 Pro 256 GB Green,"GH₵ 1,250","Greater Accra, Accra Metropolitan",Brand New,https://tonaton.com/a_new-tecno-spark-10-pro-256-gb-green-oItBFP66ohPe3ZZkJtE5vHX3.html
29,New Samsung Galaxy S23 Ultra 512 GB Black,"GH₵ 7,200","Greater Accra, Accra Metropolitan",Brand New,https://tonaton.com/a_new-samsung-galaxy-s23-ultra-512-gb-black-3VAOralEQEkax5PxZDMfjbxX.html
30,New Tecno Camon 20 Pro 256 GB Blue,"GH₵ 1,600","Greater Accra, Accra Metropolitan",Brand New,https://tonaton.com/a_new-tecno-camon-20-pro-256-gb-blue-xkbNjgEV6CPtsNYZVkYkukEc.html
31,New Tecno Spark 10 Pro 256 GB Black,"GH₵ 1,300","Greater Accra, Accra Metropolitan",Brand New,https://tonaton.com/a_new-tecno-spark-10-pro-256-gb-black-AQ3Z1pkBigHqxmNn3qRXnUB2.html
32,New Tecno Spark 10 Pro 256 GB Black,"GH₵ 1,300","Greater Accra, Accra Metropolitan",Brand New,https://tonaton.com/a_new-tecno-spark-10-pro-256-gb-black-avdrcyaeNmwenAEmWZ5vRx9z.html
33,Samsung Galaxy Z Fold 5 512 GB Blue,"GH₵ 18,000","Greater Accra, Accra Metropolitan",Used,https://tonaton.com/a_samsung-galaxy-z-fold-5-512-gb-blue-3EkTr1bbkhuFkm0l04ZO0vHk.html
34,Samsung Galaxy Z Flip5 512 GB Gray,"GH₵ 11,000","Greater Accra, Accra Metropolitan",Used,https://tonaton.com/a_samsung-galaxy-z-flip5-512-gb-gray-yIIhCxLWH5jpNytBujIlR2qi.html
35,New Apple iPhone 15 Pro Max 256 GB Black,"GH₵ 17,000","Greater Accra, Accra Metropolitan",Brand New,https://tonaton.com/a_new-apple-iphone-15-pro-max-256-gb-black-3EkVurlgJmKxkOScOpzM8qrw.html
36,Apple iPhone XR 64 GB Blue,"GH₵ 2,590","Greater Accra, Accra Metropolitan",Used,https://tonaton.com/a_apple-iphone-xr-64-gb-blue-rngyGrK65jNw2pgSxrxvZYVT.html
37,New Tecno Spark 10 Pro 256 GB Black,"GH₵ 1,100","Greater Accra, Accra Metropolitan",Brand New,https://tonaton.com/a_new-tecno-spark-10-pro-256-gb-black-bdVvs6czSVQszLZYWsO0NtCA.html
38,New Samsung Galaxy S20 Ultra 5G 512 GB Gray,"GH₵ 2,650","Greater Accra, Accra Metropolitan",Brand New,https://tonaton.com/a_new-samsung-galaxy-s20-ultra-5g-512-gb-gray-86hRaSOdPE4TyM4FjXOfVWVF.html
39,Tecno Spark 20 128 GB Black,"GH₵ 1,230","Greater Accra, Accra Metropolitan",Used,https://tonaton.com/a_tecno-spark-20-128-gb-black-fHs3oA3bpUzVvO5375UCIUKc.html
40,New Samsung Galaxy S22 Ultra 5G 512 GB Green,"GH₵ 5,200","Greater Accra, Accra Metropolitan",Brand New,https://tonaton.com/a_new-samsung-galaxy-s22-ultra-5g-512-gb-green-nFjJKmR1TPHSzqKRi4eZ8yYQ.html
41,New Tecno Camon 20 Pro 256 GB Blue,"GH₵ 1,490","Greater Accra, Accra Metropolitan",Brand New,https://tonaton.com/a_new-tecno-camon-20-pro-256-gb-blue-7DrDDC1ukOjvh7dT7ZbSteoK.html
42,New Infinix Hot 30 256 GB Blue,"GH₵ 1,200","Greater Accra, Accra Metropolitan",Brand New,https://tonaton.com/a_new-infinix-hot-30-256-gb-blue-q0VbophDQ9UxkeBeMZiHognp.html
43,New Tecno Camon 20 Pro 256 GB Blue,"GH₵ 1,540","Greater Accra, Accra Metropolitan",Brand New,https://tonaton.com/a_new-tecno-camon-20-pro-256-gb-blue-nCrBg3ogGTFcX3jUWftld4Ap.html
44,New Samsung Galaxy S21 Ultra 5G 512 GB Black,"GH₵ 3,200","Greater Accra, Accra Metropolitan",Brand New,https://tonaton.com/a_new-samsung-galaxy-s21-ultra-5g-512-gb-black-42LNJUayx5VVLLISLL4gqwi4.html
45,New Tecno Spark 10 Pro 256 GB Blue,"GH₵ 1,190","Greater Accra, Accra Metropolitan",Brand New,https://tonaton.com/a_new-tecno-spark-10-pro-256-gb-blue-7VEijNAXVKUnPZM57w8CzJBI.html
46,New Samsung Galaxy S20 Ultra 5G 512 GB Black,"GH₵ 2,430","Greater Accra, Accra Metropolitan",Brand New,https://tonaton.com/a_new-samsung-galaxy-s20-ultra-5g-512-gb-black-zGbelGNMSAShw1lFoxr0JmTD.html
47,Apple iPhone XR 64 GB Red,"GH₵ 2,560","Greater Accra, Accra Metropolitan",Used,https://tonaton.com/a_apple-iphone-xr-64-gb-red-B3qWMPiP9n0us7woDnj9t2ep.html
48,Vivo Y36 128 GB Gold,"GH₵ 2,200","Greater Accra, Accra Metropolitan",Used,https://tonaton.com/a_vivo-y36-128-gb-gold-tJdsPI9YJNLuJqaOL6vSOMre.html
49,Apple iPhone 14 Pro Max 256 GB Gold,"GH₵ 10,000","Greater Accra, Accra Metropolitan",Used,https://tonaton.com/a_apple-iphone-14-pro-max-256-gb-gold-dXBvj0sz4B1GgOT4JmNef5X3.html
50,Apple iPhone 12 Pro Max 256 GB Gold,"GH₵ 6,000","Greater Accra, Accra Metropolitan",Used,https://tonaton.com/a_apple-iphone-12-pro-max-256-gb-gold-nO8F7t5WpE2YGLJnCB48iI8N.html
51,Apple iPhone 11 Pro 256 GB Gold,"GH₵ 4,100","Greater Accra, Accra Metropolitan",Used,https://tonaton.com/a_apple-iphone-11-pro-256-gb-gold-n1YxnlEXMft1hVdDX3bTzai8.html
52,Apple iPhone 14 Pro Max 256 GB Purple,"GH₵ 10,000","Greater Accra, Accra Metropolitan",Used,https://tonaton.com/a_apple-iphone-14-pro-max-256-gb-purple-wofnFu74qqvh6TvHoFt2rr3b.html
53,Apple iPhone 12 Pro Max 256 GB Blue,"GH₵ 6,100","Greater Accra, Accra Metropolitan",Used,https://tonaton.com/a_apple-iphone-12-pro-max-256-gb-blue-mjVCBmOF4qg9zyldJl77mxDW.html
54,Apple iPhone 13 Pro Max 256 GB Gold,"GH₵ 7,000","Greater Accra, Accra Metropolitan",Used,https://tonaton.com/a_apple-iphone-13-pro-max-256-gb-gold-lhw2SxS76IqZJH0ANvms4bXs.html
55,New Apple iPhone 13 Pro Max 512 GB Blue,"GH₵ 9,500","Greater Accra, Accra Metropolitan",Brand New,https://tonaton.com/a_new-apple-iphone-13-pro-max-512-gb-blue-iqlLpvdL5pCvZnNoCgDklqGP.html
56,Apple iPhone 14 Pro 128 GB Purple,"GH₵ 9,000","Greater Accra, Accra Metropolitan",Used,https://tonaton.com/a_apple-iphone-14-pro-128-gb-purple-ulMFeKuLHqk7dzA4c5Zby7d.html
57,Apple iPhone 12 Pro 128 GB Gold,"GH₵ 5,800","Greater Accra, Accra Metropolitan",Used,https://tonaton.com/a_apple-iphone-12-pro-128-gb-gold-2WuttaUYFjpirQOfGcNTH2Kg.html
58,Apple iPhone 13 Pro Max 256 GB Blue,"GH₵ 7,000","Greater Accra, Accra Metropolitan",Used,https://tonaton.com/a_apple-iphone-13-pro-max-256-gb-blue-ARmxz6DoRTUxeRbTEGCSSLLD.html
59,Apple iPhone 11 Pro Max 256 GB Gold,"GH₵ 4,500","Greater Accra, Accra Metropolitan",Used,https://tonaton.com/a_apple-iphone-11-pro-max-256-gb-gold-fFIj4KVpnjA8E6qCm5S7zCEv.html
60,Apple iPhone 11 Pro Max 512 GB Gold,"GH₵ 4,770","Greater Accra, Accra Metropolitan",Used,https://tonaton.com/a_apple-iphone-11-pro-max-512-gb-gold-kadbR6H1jdJMdFO12RxwmkQM.html
61,Apple iPhone 12 Pro Max 256 GB Blue,"GH₵ 6,500","Greater Accra, Accra Metropolitan",Used,https://tonaton.com/a_apple-iphone-12-pro-max-256-gb-blue-ywYCsRa5rAFF9G6UYgrW45KF.html
62,Apple iPhone 12 Pro Max 256 GB White,"GH₵ 6,200","Greater Accra, Accra Metropolitan",Used,https://tonaton.com/a_apple-iphone-12-pro-max-256-gb-white-s3DBUIJQ2YMxFwK8N7SSDaGG.html
63,Apple iPhone 11 Pro Max 256 GB Gray,"GH₵ 4,550","Greater Accra, Accra Metropolitan",Used,https://tonaton.com/a_apple-iphone-11-pro-max-256-gb-gray-1grvp4OqpoY5QJYeMz5UgEub.html
64,Apple iPhone 12 Pro Max 128 GB Blue,"GH₵ 5,850","Greater Accra, Accra Metropolitan",Used,https://tonaton.com/a_apple-iphone-12-pro-max-128-gb-blue-q9RkGGmDUX44fGU0n9Grhbd2.html
65,Apple iPhone 14 Pro Max 256 GB Purple,"GH₵ 9,550","Greater Accra, Accra Metropolitan",Used,https://tonaton.com/a_apple-iphone-14-pro-max-256-gb-purple-zZVkAyrNFUbAuEiy92B2NXqE.html
66,Apple iPhone 13 Pro Max 512 GB Blue,"GH₵ 7,000","Greater Accra, Accra Metropolitan",Used,https://tonaton.com/a_apple-iphone-13-pro-max-512-gb-blue-nkFrdkrjml3q2OzWGgWcHA5N.html
67,Apple iPhone XS Max 512 GB Gold,"GH₵ 3,300","Greater Accra, Accra Metropolitan",Used,https://tonaton.com/a_apple-iphone-xs-max-512-gb-gold-eKiEjnLMUiQSFi9cZZt69shy.html
68,Apple iPhone 11 Pro Max 512 GB Gray,"GH₵ 4,800","Greater Accra, Accra Metropolitan",Used,https://tonaton.com/a_apple-iphone-11-pro-max-512-gb-gray-6py2t46j7jtWWdMGNMhqOsHf.html
69,New Google Pixel 3a 64 GB Black,"GH₵ 1,300","Greater Accra, Accra Metropolitan",Brand New,https://tonaton.com/a_new-google-pixel-3a-64-gb-black-61PsMcx4dWRekFjKx0TKCLAt.html
70,New Google Pixel 5 128 GB Green,"GH₵ 2,200","Greater Accra, Accra Metropolitan",Brand New,https://tonaton.com/a_new-google-pixel-5-128-gb-green-mIw5tjkBVaB5zc6GvqP61EAd.html
71,New Google Pixel 4 XL 64 GB Black,"GH₵ 2,000","Greater Accra, Accra Metropolitan",Brand New,https://tonaton.com/a_new-google-pixel-4-xl-64-gb-black-xwmaFTzkzyUNaiWXiFfdss9y.html
72,New Samsung Galaxy S21 Ultra 5G 512 GB Black,"GH₵ 3,570","Greater Accra, Accra Metropolitan",Brand New,https://tonaton.com/a_new-samsung-galaxy-s21-ultra-5g-512-gb-black-pAumdUxDWRlyxzRfoa6LmTZk.html
73,New Samsung Galaxy S23 Ultra 512 GB Black,"GH₵ 6,000","Greater Accra, Accra Metropolitan",Brand New,https://tonaton.com/a_new-samsung-galaxy-s23-ultra-512-gb-black-maM04t5Bh1cXzX15lYX2VdUH.html
74,New Samsung Galaxy A73 5G 256 GB Black,"GH₵ 1,935","Greater Accra, Accra Metropolitan",Brand New,https://tonaton.com/a_new-samsung-galaxy-a73-5g-256-gb-black-6oVYP0a6NW6vH0LLrZJyUqB9.html
75,New Tecno Camon 20 Pro 256 GB Blue,"GH₵ 1,525","Greater Accra, Accra Metropolitan",Brand New,https://tonaton.com/a_new-tecno-camon-20-pro-256-gb-blue-gtXv2UnAwdMHgUHgQtbeOlAG.html
76,New Samsung Galaxy Note 20 Ultra 5G 512 GB Black,"GH₵ 3,599","Greater Accra, Accra Metropolitan",Brand New,https://tonaton.com/a_new-samsung-galaxy-note-20-ultra-5g-512-gb-black-mkAKKIsNnVtk2EQaFmepV4It.html
77,New Samsung Galaxy S20 Ultra 5G 512 GB Black,"GH₵ 2,499","Greater Accra, Accra Metropolitan",Brand New,https://tonaton.com/a_new-samsung-galaxy-s20-ultra-5g-512-gb-black-tGBxVrBH1WHAapvwltMgQVtp.html
78,New Samsung Galaxy S22 Ultra 512 GB Black,"GH₵ 4,700","Greater Accra, Accra Metropolitan",Brand New,https://tonaton.com/a_new-samsung-galaxy-s22-ultra-512-gb-black-3a06XRJ6WuPzLwzlWc2OfC0O.html
79,New Apple iPhone 15 Pro Max 512 GB Black,"GH₵ 14,000","Greater Accra, Accra Metropolitan",Brand New,https://tonaton.com/a_new-apple-iphone-15-pro-max-512-gb-black-3fhWvjssR9ppVkS3kzsWMeOQ.html
80,New Huawei P60 Pro 512 GB Black,"GH₵ 3,100","Greater Accra, Accra Metropolitan",Brand New,https://tonaton.com/a_new-huawei-p60-pro-512-gb-black-chheJWSCjfEq8DFWcLGyGU7T.html
81,New Apple iPhone 14 Pro Max 512 GB Gold,"GH₵ 8,850","Greater Accra, Accra Metropolitan",Brand New,https://tonaton.com/a_new-apple-iphone-14-pro-max-512-gb-gold-idUmnP2NwqBNk0Dv1PLoLuUO.html
82,New Tecno Camon 20 Premier 5G 512 GB Blue,"GH₵ 1,699","Greater Accra, Accra Metropolitan",Brand New,https://tonaton.com/a_new-tecno-camon-20-premier-5g-512-gb-blue-tJcq5o2Zhvp1OdZH6wRf03Gq.html
83,New Tecno Spark 10 Pro 256 GB Blue,"GH₵ 1,135","Greater Accra, Accra Metropolitan",Brand New,https://tonaton.com/a_new-tecno-spark-10-pro-256-gb-blue-1J6dRP9HyNtvC8wrYrOtaBaT.html
84,New Infinix Hot 30 256 GB Black,"GH₵ 1,100","Greater Accra, Accra Metropolitan",Brand New,https://tonaton.com/a_new-infinix-hot-30-256-gb-black-ziojalToIN3ba5QUQFH7rl9J.html
85,New Tecno Camon 20 Pro 256 GB Black,"GH₵ 1,500","Greater Accra, Accra Metropolitan",Brand New,https://tonaton.com/a_new-tecno-camon-20-pro-256-gb-black-yIlSSv2bFcScGU5nrHtOtaku.html
86,New Samsung Galaxy S21 Ultra 5G 512 GB Gray,"GH₵ 2,950","Greater Accra, Accra Metropolitan",Brand New,https://tonaton.com/a_new-samsung-galaxy-s21-ultra-5g-512-gb-gray-6nnmMn0YzA9MWWdz9Ps3gOhg.html
87,New Samsung Galaxy S21 Ultra 5G 512 GB Black,"GH₵ 2,820","Greater Accra, Accra Metropolitan",Brand New,https://tonaton.com/a_new-samsung-galaxy-s21-ultra-5g-512-gb-black-tRJWJbSi5cfdcGp0jilOEELX.html
88,New Samsung Galaxy S22 Ultra 5G 512 GB Green,"GH₵ 4,050","Greater Accra, Accra Metropolitan",Brand New,https://tonaton.com/a_new-samsung-galaxy-s22-ultra-5g-512-gb-green-aX68W7BgaoqlM6hB7XaPnGHP.html
89,New Tecno Camon 20 Premier 5G 512 GB Black,"GH₵ 1,720","Greater Accra, Accra Metropolitan",Brand New,https://tonaton.com/a_new-tecno-camon-20-premier-5g-512-gb-black-p9scJoh0tEpTE3S4cZLiHvLO.html
90,New Tecno Camon 20 Pro 256 GB Blue,"GH₵ 1,550","Greater Accra, Accra Metropolitan",Brand New,https://tonaton.com/a_new-tecno-camon-20-pro-256-gb-blue-2XebnUSrQuFWSQH1ItEQ83Vh.html
91,New Tecno Spark 10 Pro 256 GB Black,"GH₵ 1,150","Greater Accra, Accra Metropolitan",Brand New,https://tonaton.com/a_new-tecno-spark-10-pro-256-gb-black-8dzNGIn1eZaYVBSPKjlTTWjb.html
92,New Samsung Galaxy S20 Ultra 5G 512 GB Gray,"GH₵ 2,640","Greater Accra, Accra Metropolitan",Brand New,https://tonaton.com/a_new-samsung-galaxy-s20-ultra-5g-512-gb-gray-bcOsQ3s1HTQv6IZLYi7xDRef.html
93,New Samsung Galaxy S22 Ultra 5G 512 GB Black,"GH₵ 3,500","Greater Accra, Accra Metropolitan",Brand New,https://tonaton.com/a_new-samsung-galaxy-s22-ultra-5g-512-gb-black-2G6BTvh6uGvchUhDPF0P9gKn.html
94,New Samsung Galaxy S23 Ultra 512 GB Black,"GH₵ 7,500","Greater Accra, Accra Metropolitan",Brand New,https://tonaton.com/a_new-samsung-galaxy-s23-ultra-512-gb-black-1odEtdgLF8B0iaguvtRM62tW.html
95,New Samsung Galaxy S22 Ultra 5G 512 GB Purple,"GH₵ 4,500","Greater Accra, Accra Metropolitan",Brand New,https://tonaton.com/a_new-samsung-galaxy-s22-ultra-5g-512-gb-purple-dNDKnLoiJE9TkXWD5ITazOzq.html
96,New Samsung Galaxy S21 Ultra 5G 512 GB Black,"GH₵ 3,300","Greater Accra, Accra Metropolitan",Brand New,https://tonaton.com/a_new-samsung-galaxy-s21-ultra-5g-512-gb-black-l92PGNu0R4LQVkomxMVlMmDl.html
97,New Tecno Camon 20 Premier 5G 512 GB Blue,"GH₵ 1,800","Greater Accra, Accra Metropolitan",Brand New,https://tonaton.com/a_new-tecno-camon-20-premier-5g-512-gb-blue-g2hpVWfhbrouKMNkvLNPyitk.html
98,New Tecno Camon 20 Premier 5G 512 GB Blue,"GH₵ 1,700","Greater Accra, Accra Metropolitan",Brand New,https://tonaton.com/a_new-tecno-camon-20-premier-5g-512-gb-blue-dZMmxELnoL8k60ZOXKlHZzfN.html
99,New Samsung Galaxy S22 Ultra 5G 512 GB Gold,"GH₵ 4,200","Greater Accra, Accra Metropolitan",Brand New,https://tonaton.com/a_new-samsung-galaxy-s22-ultra-5g-512-gb-gold-nAG80daQg3AFxItMFLcFAdC1.html
100,New Tecno Spark 10 Pro 256 GB Blue,"GH₵ 1,290","Greater Accra, Accra Metropolitan",Brand New,https://tonaton.com/a_new-tecno-spark-10-pro-256-gb-blue-mzigEa3sNOkTNQhyICGCohKO.html
101,New Tecno Camon 20 Pro 256 GB Blue,"GH₵ 1,600","Greater Accra, Accra Metropolitan",Brand New,https://tonaton.com/a_new-tecno-camon-20-pro-256-gb-blue-hKWuNYgC0qnVuJsd4IXfXLhT.html
102,New Samsung Galaxy S21 Ultra 5G 512 GB Silver,"GH₵ 3,600","Greater Accra, Accra Metropolitan",Brand New,https://tonaton.com/a_new-samsung-galaxy-s21-ultra-5g-512-gb-silver-i0dlkVLn4Crj1HOl6331IyDh.html
103,New Tecno Camon 20 Premier 5G 512 GB Black,"GH₵ 2,400","Greater Accra, Accra Metropolitan",Brand New,https://tonaton.com/a_new-tecno-camon-20-premier-5g-512-gb-black-hzbhmS2Ra3lzP6BJgSUqLnLE.html
104,New Samsung Galaxy S21 Ultra 5G 512 GB Gray,"GH₵ 3,100","Greater Accra, Accra Metropolitan",Brand New,https://tonaton.com/a_new-samsung-galaxy-s21-ultra-5g-512-gb-gray-fAjEZFZdzq7PnnJeRwc9NeaY.html
105,New Tecno Camon 20 Pro 256 GB Blue,"GH₵ 1,580","Greater Accra, Accra Metropolitan",Brand New,https://tonaton.com/a_new-tecno-camon-20-pro-256-gb-blue-BcJtIq6is57kmoSLPzDVI6u.html
106,New Tecno Spark 10 Pro 256 GB Black,"GH₵ 1,210","Greater Accra, Weija",Brand New,https://tonaton.com/a_new-tecno-spark-10-pro-256-gb-black-B4lytojjKIzLuCaPaZQO5ODk.html
107,New Samsung Galaxy S23 Ultra 512 GB Black,"GH₵ 6,400","Greater Accra, Accra Metropolitan",Brand New,https://tonaton.com/a_new-samsung-galaxy-s23-ultra-512-gb-black-jMlawgyoYjzo6kUD8B27mT0Q.html
108,Apple iPhone 6 64 GB Silver,GH₵ 550,"Greater Accra, Adabraka",Used,https://tonaton.com/a_apple-iphone-6-64-gb-silver-jEi4xQHok9ulNb4VA67LIqBq.html
109,New Samsung Galaxy Note 20 Ultra 5G 512 GB Gold,"GH₵ 4,000","Greater Accra, Accra Metropolitan",Brand New,https://tonaton.com/a_new-samsung-galaxy-note-20-ultra-5g-512-gb-gold-A6hNZXanO2pSCyakxBnq0D68.html
110,New Infinix Hot 30 256 GB Blue,"GH₵ 1,200","Greater Accra, Dansoman",Brand New,https://tonaton.com/a_new-infinix-hot-30-256-gb-blue-kSKpboY29jU4jkwR8B55Fp2m.html
111,New LG V50 ThinQ 5G 128 GB Black,"GH₵ 1,580","Ashanti, Kumasi Metropolitan",Brand New,https://tonaton.com/a_new-lg-v50-thinq-5g-128-gb-black-fwDvpJ5PSI5iwzgWTO1y5HVV.html
112,New Google Pixel 4a 5G 128 GB,"GH₵ 1,900","Ashanti, Kumasi Metropolitan",Brand New,https://tonaton.com/a_new-google-pixel-4a-5g-128-gb-n2l60pRxhwK0a1haoA64Fu2B.html
113,New Google Pixel 4 XL 64 GB Black,"GH₵ 1,920","Ashanti, Kumasi Metropolitan",Brand New,https://tonaton.com/a_new-google-pixel-4-xl-64-gb-black-8PKQx1oQznzfzuUMkiQ6AiAZ.html
114,New Samsung Galaxy S20 Ultra 5G 128 GB White,"GH₵ 3,220","Ashanti, Kumasi Metropolitan",Brand New,https://tonaton.com/a_new-samsung-galaxy-s20-ultra-5g-128-gb-white-dYWZP5HF0PBdtA7XjKuLVMg5.html
115,New Samsung Galaxy S7 32 GB Gold,GH₵ 790,"Ashanti, Kumasi Metropolitan",Brand New,https://tonaton.com/a_new-samsung-galaxy-s7-32-gb-gold-z9NDbjMkjjvsWlvJfEd7zUao.html
116,New Google Pixel 5 128 GB,"GH₵ 2,295","Ashanti, Kumasi Metropolitan",Brand New,https://tonaton.com/a_new-google-pixel-5-128-gb-uHEQ1do3yiSnvY37MXvu88Hx.html
117,New Samsung Galaxy S10 5G 256 GB,"GH₵ 2,570","Ashanti, Kumasi Metropolitan",Brand New,https://tonaton.com/a_new-samsung-galaxy-s10-5g-256-gb-7Qi5tUWFPNUwV6BD2fvkKzL7.html
118,New LG G8 Thinq 128 GB,"GH₵ 1,380","Ashanti, Kumasi Metropolitan",Brand New,https://tonaton.com/a_new-lg-g8-thinq-128-gb-q1QQTjKesvZSCmBxvMX4gph4.html
119,New Samsung Galaxy S22 5G 128 GB Black,"GH₵ 4,295","Ashanti, Kumasi Metropolitan",Brand New,https://tonaton.com/a_new-samsung-galaxy-s22-5g-128-gb-black-jYFUadeyjDtvhcFIHog08fGr.html
120,New Oppo A31 128 GB Red,GH₵ 870,"Ashanti, Kumasi Metropolitan",Brand New,https://tonaton.com/a_new-oppo-a31-128-gb-red-2Bp8zpBKxZWZRx8ZQZZ59NxI.html
121,New Samsung Galaxy Note 20 5G 128 GB Black,"GH₵ 2,750","Ashanti, Kumasi Metropolitan",Brand New,https://tonaton.com/a_new-samsung-galaxy-note-20-5g-128-gb-black-qa3qv9JSlSzGtLqgHetlvTWv.html
122,New Samsung Galaxy S6 32 GB Black,GH₵ 690,"Ashanti, Kumasi Metropolitan",Brand New,https://tonaton.com/a_new-samsung-galaxy-s6-32-gb-black-Bssg4mePzjN2X0iZLrtxDVvW.html
123,New Samsung Galaxy S6 edge 32 GB Black,GH₵ 790,"Ashanti, Kumasi Metropolitan",Brand New,https://tonaton.com/a_new-samsung-galaxy-s6-edge-32-gb-black-alqqyfrnP5b0bYliiFnQuKfE.html
124,New Samsung Galaxy A30 64 GB Blue,"GH₵ 1,050","Ashanti, Kumasi Metropolitan",Brand New,https://tonaton.com/a_new-samsung-galaxy-a30-64-gb-blue-k9MT4oBjqv6baIdzQtEgNv0y.html
125,New Samsung Galaxy S10 Plus 128 GB Black,"GH₵ 2,550","Ashanti, Kumasi Metropolitan",Brand New,https://tonaton.com/a_new-samsung-galaxy-s10-plus-128-gb-black-8SBL00mIiyK6ZcLU8oBC11d6.html
126,New Samsung Galaxy S10 128 GB Black,"GH₵ 2,190","Ashanti, Kumasi Metropolitan",Brand New,https://tonaton.com/a_new-samsung-galaxy-s10-128-gb-black-eNkrgiP7HAxqOGHFGa8bxwpI.html
127,New Google Pixel 2 XL 128 GB,"GH₵ 1,340","Ashanti, Kumasi Metropolitan",Brand New,https://tonaton.com/a_new-google-pixel-2-xl-128-gb-86qMpmnwrPHyc9XhA33meUjV.html
128,New Google Pixel 4a 5G 128 GB Black,"GH₵ 1,899","Ashanti, Kumasi Metropolitan",Brand New,https://tonaton.com/a_new-google-pixel-4a-5g-128-gb-black-gjSdPZaR9SS8peePdW0HyTpB.html
129,New Google Pixel 4 XL 64 GB Black,"GH₵ 1,920","Ashanti, Kumasi Metropolitan",Brand New,https://tonaton.com/a_new-google-pixel-4-xl-64-gb-black-9WVl0bDLNY2oN6pr0cDUrKlI.html
130,New Huawei P20 Lite 128 GB Blue,GH₵ 930,"Ashanti, Kumasi Metropolitan",Brand New,https://tonaton.com/a_new-huawei-p20-lite-128-gb-blue-1BRjWeQc3p8q1zozPao6Acxi.html
131,New Samsung Galaxy S7 edge 32 GB Black,"GH₵ 1,100","Ashanti, Kumasi Metropolitan",Brand New,https://tonaton.com/a_new-samsung-galaxy-s7-edge-32-gb-black-BK13scsXzRc59fW8rdOb2quU.html
132,New Google Pixel 6 128 GB White,"GH₵ 3,299","Ashanti, Kumasi Metropolitan",Brand New,https://tonaton.com/a_new-google-pixel-6-128-gb-white-11dxFM1iUa6OzBpwTZXiplm3.html
133,New Google Pixel 6a 128 GB Black,"GH₵ 2,710","Ashanti, Kumasi Metropolitan",Brand New,https://tonaton.com/a_new-google-pixel-6a-128-gb-black-uCJNKEMnsaYqhuH4ztE8tw1K.html
134,New Huawei Y9 2018 128 GB White,GH₵ 770,"Ashanti, Kumasi Metropolitan",Brand New,https://tonaton.com/a_new-huawei-y9-2018-128-gb-white-byyFx1S5RiD9pwYlzGEhSPR0.html
135,New Samsung Galaxy S10 128 GB White,"GH₵ 2,190","Ashanti, Kumasi Metropolitan",Brand New,https://tonaton.com/a_new-samsung-galaxy-s10-128-gb-white-gt4prkE3Jt8KZFsz38oOthK8.html
136,New Samsung Galaxy A51 128 GB Black,"GH₵ 1,480","Ashanti, Kumasi Metropolitan",Brand New,https://tonaton.com/a_new-samsung-galaxy-a51-128-gb-black-8cYhgMkvANJ10SvDH4kUUoUz.html
137,New Samsung Galaxy S10 Plus 128 GB White,"GH₵ 2,550","Ashanti, Kumasi Metropolitan",Brand New,https://tonaton.com/a_new-samsung-galaxy-s10-plus-128-gb-white-7M2N1GwcVWlAsNGU56OmbkjX.html
138,Samsung Galaxy A73 5G 128 GB Black,"GH₵ 3,850","Greater Accra, Accra Metropolitan",Used,https://tonaton.com/a_samsung-galaxy-a73-5g-128-gb-black-askxKq31QSVjOc7nvFZjlwUD.html
139,New LG Velvet 128 GB Green,"GH₵ 1,880","Ashanti, Kumasi Metropolitan",Brand New,https://tonaton.com/a_new-lg-velvet-128-gb-green-nFGiKbp4Wy38iVskqwkcxbqw.html
140,New LG G8 Thinq 128 GB Red,"GH₵ 1,380","Ashanti, Kumasi Metropolitan",Brand New,https://tonaton.com/a_new-lg-g8-thinq-128-gb-red-kGagWMbnlZan7CY6SNGAhGNE.html
141,New Huawei P30 Lite 128 GB Black,"GH₵ 1,050","Ashanti, Kumasi Metropolitan",Brand New,https://tonaton.com/a_new-huawei-p30-lite-128-gb-black-ieTXvKqhynu5KoGfVrKqmNSO.html
142,New Samsung Galaxy A50 128 GB Blue,"GH₵ 1,380","Ashanti, Kumasi Metropolitan",Brand New,https://tonaton.com/a_new-samsung-galaxy-a50-128-gb-blue-ugxweRBeIgQyUhq9FL3RTrBM.html
143,New LG Velvet 5G 128 GB White,"GH₵ 3,295","Ashanti, Kumasi Metropolitan",Brand New,https://tonaton.com/a_new-lg-velvet-5g-128-gb-white-8bwd0PAXQBiY6MHil5e0Zmz9.html
144,New LG V50S Thinq 256 GB,"GH₵ 1,850","Ashanti, Kumasi Metropolitan",Brand New,https://tonaton.com/a_new-lg-v50s-thinq-256-gb-eKMQ4V9iN9palcWg3Edmjkcq.html
145,New Samsung Galaxy A90 5G 128 GB Black,"GH₵ 1,450","Ashanti, Kumasi Metropolitan",Brand New,https://tonaton.com/a_new-samsung-galaxy-a90-5g-128-gb-black-nOZhYPFR19DDNtE0loLDlI3c.html
146,New Samsung Galaxy S20 Ultra 5G 128 GB Black,"GH₵ 3,220","Ashanti, Kumasi Metropolitan",Brand New,https://tonaton.com/a_new-samsung-galaxy-s20-ultra-5g-128-gb-black-mEr9fnBdbZBD7cjzY7y5EfT.html
147,New Samsung Galaxy A71 128 GB Black,"GH₵ 1,780","Ashanti, Kumasi Metropolitan",Brand New,https://tonaton.com/a_new-samsung-galaxy-a71-128-gb-black-3qrxfkoZCcu35MYYHldNRHYr.html
148,New Google Pixel 6a 128 GB Black,"GH₵ 3,100","Ashanti, Kumasi Metropolitan",Brand New,https://tonaton.com/a_new-google-pixel-6a-128-gb-black-b7alFqtLfSL2L9oh0fL1GC2N.html
149,New Huawei P10 Lite 64 GB White,GH₵ 750,"Ashanti, Kumasi Metropolitan",Brand New,https://tonaton.com/a_new-huawei-p10-lite-64-gb-white-ixzppqVbV5NMnkhLtQLMaeis.html
150,New Samsung Galaxy S22 5G 128 GB White,"GH₵ 4,295","Ashanti, Kumasi Metropolitan",Brand New,https://tonaton.com/a_new-samsung-galaxy-s22-5g-128-gb-white-umKn6IATRVp9zxWxat9X9dnx.html
151,New Google Pixel 3 128 GB White,"GH₵ 1,495","Ashanti, Kumasi Metropolitan",Brand New,https://tonaton.com/a_new-google-pixel-3-128-gb-white-iDB43fFjg9yNUDOiTvt0Lx8e.html
152,New Huawei P30 Pro 256 GB Blue,"GH₵ 2,799","Ashanti, Kumasi Metropolitan",Brand New,https://tonaton.com/a_new-huawei-p30-pro-256-gb-blue-kxzLsDOxnDH83NYAilrRyS0p.html
153,New Huawei P20 Lite 128 GB,GH₵ 935,"Ashanti, Kumasi Metropolitan",Brand New,https://tonaton.com/a_new-huawei-p20-lite-128-gb-C3zFRdnaTAQrxVNRXCEqOksP.html
154,New LG Velvet 128 GB Black,"GH₵ 1,880","Ashanti, Kumasi Metropolitan",Brand New,https://tonaton.com/a_new-lg-velvet-128-gb-black-Cc0bmDZ4uwas34Y8ODkcoK64.html
155,New Huawei P30 Pro 256 GB Black,"GH₵ 2,750","Ashanti, Kumasi Metropolitan",Brand New,https://tonaton.com/a_new-huawei-p30-pro-256-gb-black-5YAkPSpNdudiaNjF5lr2Rzoi.html
156,New Google Pixel 6 128 GB Black,"GH₵ 3,299","Ashanti, Kumasi Metropolitan",Brand New,https://tonaton.com/a_new-google-pixel-6-128-gb-black-mOp17mCUiYNZ3MOtVcloyobD.html
157,New Google Pixel 3a XL 64 GB,"GH₵ 1,499","Ashanti, Kumasi Metropolitan",Brand New,https://tonaton.com/a_new-google-pixel-3a-xl-64-gb-mAixJu9T6p3b78uWUuopvtZU.html
158,New Google Pixel 3a 64 GB White,"GH₵ 1,390","Ashanti, Kumasi Metropolitan",Brand New,https://tonaton.com/a_new-google-pixel-3a-64-gb-white-clhnquTJwAiwp6PngWZQxAS4.html
159,New Google Pixel 6 Pro 128 GB White,"GH₵ 4,350","Ashanti, Kumasi Metropolitan",Brand New,https://tonaton.com/a_new-google-pixel-6-pro-128-gb-white-oTZX2fvgmuiHVq84XQk3w53z.html
160,New Google Pixel 6 Pro 128 GB Black,"GH₵ 4,320","Ashanti, Kumasi Metropolitan",Brand New,https://tonaton.com/a_new-google-pixel-6-pro-128-gb-black-8OQ7RSNIOsn0kEJFLib3kNtX.html
161,New Google Pixel 6a 128 GB White,"GH₵ 2,710","Ashanti, Kumasi Metropolitan",Brand New,https://tonaton.com/a_new-google-pixel-6a-128-gb-white-ucqR3bawWdeR56vNDh6UpYk4.html
162,New Samsung Galaxy S9 128 GB Black,"GH₵ 1,350","Ashanti, Kumasi Metropolitan",Brand New,https://tonaton.com/a_new-samsung-galaxy-s9-128-gb-black-B7tMA0aeUkAFDrkMxnZ9ocv.html
163,New Huawei P30 Lite 128 GB Blue,"GH₵ 1,070","Ashanti, Kumasi Metropolitan",Brand New,https://tonaton.com/a_new-huawei-p30-lite-128-gb-blue-tHWwPCueBNTHgLTe98zFNz9X.html
164,New Huawei Y9 2019 128 GB Black,GH₵ 799,"Ashanti, Kumasi Metropolitan",Brand New,https://tonaton.com/a_new-huawei-y9-2019-128-gb-black-q7ERnSV2GVtfLgUnLc1YqwpT.html
165,New LG V60 ThinQ 5G 128 GB Black,"GH₵ 2,790","Ashanti, Kumasi Metropolitan",Brand New,https://tonaton.com/a_new-lg-v60-thinq-5g-128-gb-black-qfjolZ2HMuQERukI6StPxYZR.html
166,New Samsung Galaxy Note 20 Ultra 5G 128 GB,"GH₵ 4,200","Ashanti, Kumasi Metropolitan",Brand New,https://tonaton.com/a_new-samsung-galaxy-note-20-ultra-5g-128-gb-iAT1grMuWNSbS9pTQYvnTdfX.html
167,New Samsung Galaxy S22+ 5G 128 GB White,"GH₵ 5,400","Ashanti, Kumasi Metropolitan",Brand New,https://tonaton.com/a_new-samsung-galaxy-s22-5g-128-gb-white-2tjzWh5NiQj991lUFfOtHmQj.html
168,New Samsung Galaxy Note 10 Plus 5G 256 GB White,"GH₵ 3,150","Ashanti, Kumasi Metropolitan",Brand New,https://tonaton.com/a_new-samsung-galaxy-note-10-plus-5g-256-gb-white-hzypLvbcA0vNwO9SbnDKlYyt.html
169,New Huawei P30 Pro 128 GB Blue,"GH₵ 2,450","Ashanti, Kumasi Metropolitan",Brand New,https://tonaton.com/a_new-huawei-p30-pro-128-gb-blue-3KR9r4l6dsPBqRGDzpBuRVGz.html
170,New Samsung Galaxy A90 5G 128 GB White,"GH₵ 1,450","Ashanti, Kumasi Metropolitan",Brand New,https://tonaton.com/a_new-samsung-galaxy-a90-5g-128-gb-white-wxYTx6lJjsYhe6sBYXZjrGQC.html
171,New Samsung Galaxy S20 FE 128 GB Black,"GH₵ 2,210","Ashanti, Kumasi Metropolitan",Brand New,https://tonaton.com/a_new-samsung-galaxy-s20-fe-128-gb-black-sfJnkuJNsk0fz9Iai0TfP7VW.html
172,New Samsung Galaxy S20 FE 128 GB White,"GH₵ 2,300","Ashanti, Kumasi Metropolitan",Brand New,https://tonaton.com/a_new-samsung-galaxy-s20-fe-128-gb-white-8pOHHY3EkmKtL6CjkcxGbcVV.html
173,New Google Pixel 4 XL 64 GB White,"GH₵ 1,920","Ashanti, Kumasi Metropolitan",Brand New,https://tonaton.com/a_new-google-pixel-4-xl-64-gb-white-aLIBlspKFFi7IV6k0cxnebVu.html
174,New Samsung Galaxy S9 Plus 64 GB Blue,"GH₵ 1,730","Ashanti, Kumasi Metropolitan",Brand New,https://tonaton.com/a_new-samsung-galaxy-s9-plus-64-gb-blue-5WF0jrRe0YWIc5NWx05gnLD6.html
175,Apple iPhone 12 Pro 128 GB,"GH₵ 5,250","Ashanti, Kumasi Metropolitan",Used,https://tonaton.com/a_apple-iphone-12-pro-128-gb-9Y63yF2jhXWTqjs5b1XdmMim.html
176,New Google Pixel 4a 128 GB Black,"GH₵ 1,760","Ashanti, Kumasi Metropolitan",Brand New,https://tonaton.com/a_new-google-pixel-4a-128-gb-black-mGywo3S4thzeNN4tRsdAyu7w.html
177,New Google Pixel 5 128 GB,"GH₵ 2,350","Ashanti, Kumasi Metropolitan",Brand New,https://tonaton.com/a_new-google-pixel-5-128-gb-wCewYEXnb8xwmF6iM028RWpR.html
178,New Google Pixel 5 128 GB Gray,"GH₵ 2,295","Ashanti, Kumasi Metropolitan",Brand New,https://tonaton.com/a_new-google-pixel-5-128-gb-gray-zrFvSzM3jwmBnq2MlLnJDQrL.html
179,New Samsung Galaxy A50 128 GB White,"GH₵ 1,380","Ashanti, Kumasi Metropolitan",Brand New,https://tonaton.com/a_new-samsung-galaxy-a50-128-gb-white-k8DV7ruwt5QAqmBlwkfcYU3s.html
180,New Samsung Galaxy S5 16 GB Black,GH₵ 490,"Ashanti, Kumasi Metropolitan",Brand New,https://tonaton.com/a_new-samsung-galaxy-s5-16-gb-black-d5TtemoQwQ9uiYn5zef4DvYn.html
181,New Samsung Galaxy S20 128 GB Pink,"GH₵ 2,390","Ashanti, Kumasi Metropolitan",Brand New,https://tonaton.com/a_new-samsung-galaxy-s20-128-gb-pink-wSo7QPjtwz6gpbcVyhlq51HP.html
182,Apple iPhone XR 64 GB,"GH₵ 2,400","Ashanti, Kumasi Metropolitan",Used,https://tonaton.com/a_apple-iphone-xr-64-gb-6DbADuQSDqnEMk4KUdIt8NMI.html
183,New Samsung Galaxy A22 128 GB Black,"GH₵ 1,480","Ashanti, Kumasi Metropolitan",Brand New,https://tonaton.com/a_new-samsung-galaxy-a22-128-gb-black-fDpwiqGmdTJz34mZwHYFfPXG.html
184,New LG G6 64 GB,GH₵ 790,"Ashanti, Kumasi Metropolitan",Brand New,https://tonaton.com/a_new-lg-g6-64-gb-7RuV61CIv3blwVjdSR15sU4y.html
185,New Samsung Galaxy Z Flip4 128 GB,"GH₵ 5,500","Ashanti, Kumasi Metropolitan",Brand New,https://tonaton.com/a_new-samsung-galaxy-z-flip4-128-gb-8pOvlMeZEo7eo4HQ8enkohEy.html
186,New Samsung Galaxy S21 Ultra 5G 128 GB Silver,"GH₵ 4,500","Ashanti, Kumasi Metropolitan",Brand New,https://tonaton.com/a_new-samsung-galaxy-s21-ultra-5g-128-gb-silver-wgMHF5OuvupePErA6Yd2tXBN.html
187,New Samsung Galaxy Note 9 128 GB,"GH₵ 1,950","Ashanti, Kumasi Metropolitan",Brand New,https://tonaton.com/a_new-samsung-galaxy-note-9-128-gb-wWui8bm962SpxJwhNaQXRJsb.html
188,New LG Velvet 128 GB White,"GH₵ 1,880","Ashanti, Kumasi Metropolitan",Brand New,https://tonaton.com/a_new-lg-velvet-128-gb-white-eKcsz73hFGEyiMfG4dbxaRSk.html
189,New LG G5 32 GB Black,GH₵ 670,"Ashanti, Kumasi Metropolitan",Brand New,https://tonaton.com/a_new-lg-g5-32-gb-black-yydUO37gOOe3T6cs1OTjN5XD.html
190,New Google Pixel 3 64 GB,"GH₵ 1,340","Ashanti, Kumasi Metropolitan",Brand New,https://tonaton.com/a_new-google-pixel-3-64-gb-oNa8I1TwzjpcOOvDZKjyapzJ.html
191,New Google Pixel 5a 5G 128 GB Black,"GH₵ 2,200","Ashanti, Kumasi Metropolitan",Brand New,https://tonaton.com/a_new-google-pixel-5a-5g-128-gb-black-cFPW7WuPUV1BaBrTYYpPZajj.html
192,New Google Pixel 2 XL 128 GB White,"GH₵ 1,350","Ashanti, Kumasi Metropolitan",Brand New,https://tonaton.com/a_new-google-pixel-2-xl-128-gb-white-ypdYa1qu3fjiMtbXU3iuBUtV.html
193,New Samsung Galaxy S10e 128 GB Black,"GH₵ 1,750","Ashanti, Kumasi Metropolitan",Brand New,https://tonaton.com/a_new-samsung-galaxy-s10e-128-gb-black-nNtDanugARxDq2EzbYP61qy9.html
194,New Google Pixel 6a 128 GB Green,"GH₵ 3,100","Ashanti, Kumasi Metropolitan",Brand New,https://tonaton.com/a_new-google-pixel-6a-128-gb-green-ynMANIjUKmztsx9OLkwMkz5Z.html
195,New Huawei Y7 Prime 2019 64 GB Black,GH₵ 820,"Ashanti, Kumasi Metropolitan",Brand New,https://tonaton.com/a_new-huawei-y7-prime-2019-64-gb-black-gkNOAHjokdDI7wA0YRt0cF2o.html
196,New Samsung Galaxy A32 64 GB Black,"GH₵ 1,580","Ashanti, Kumasi Metropolitan",Brand New,https://tonaton.com/a_new-samsung-galaxy-a32-64-gb-black-1buTq1w1YwZLM7rJSEwomltb.html
197,New Google Pixel 3 128 GB White,"GH₵ 1,450","Ashanti, Kumasi Metropolitan",Brand New,https://tonaton.com/a_new-google-pixel-3-128-gb-white-zjv7IAi5M6Omg8hOlGGhdqpX.html
198,New Huawei P30 Pro 128 GB Black,"GH₵ 2,500","Ashanti, Kumasi Metropolitan",Brand New,https://tonaton.com/a_new-huawei-p30-pro-128-gb-black-wWXOYkeMOiqaaI5rMXDvQ5vZ.html
199,New Samsung Galaxy S21 5G 128 GB Purple,"GH₵ 2,950","Ashanti, Kumasi Metropolitan",Brand New,https://tonaton.com/a_new-samsung-galaxy-s21-5g-128-gb-purple-6vKeCTjpMdwewEI1VTa2dbSG.html
200,New Google Pixel 5 128 GB Black,"GH₵ 2,295","Ashanti, Kumasi Metropolitan",Brand New,https://tonaton.com/a_new-google-pixel-5-128-gb-black-ldWthxxnEDizSMjRfoyVQyvw.html
201,New Samsung Galaxy A30 64 GB,"GH₵ 1,050","Ashanti, Kumasi Metropolitan",Brand New,https://tonaton.com/a_new-samsung-galaxy-a30-64-gb-sodmeGtkmwdi8sQtoLjlaE0l.html
202,New Samsung Galaxy A51 128 GB Blue,"GH₵ 1,480","Ashanti, Kumasi Metropolitan",Brand New,https://tonaton.com/a_new-samsung-galaxy-a51-128-gb-blue-QpC9grVOklFF0GQNvcsrmfN.html
203,New Huawei Y6 Prime 32 GB Black,GH₵ 695,"Ashanti, Kumasi Metropolitan",Brand New,https://tonaton.com/a_new-huawei-y6-prime-32-gb-black-4cziTCJc5Tyv4HjDSdwEbrpR.html
204,New Samsung Galaxy Z Fold4 256 GB,"GH₵ 10,700","Ashanti, Kumasi Metropolitan",Brand New,https://tonaton.com/a_new-samsung-galaxy-z-fold4-256-gb-hearcqmxtjZlutKqQbeUegE5.html
205,New Google Pixel 4a 128 GB Gray,"GH₵ 1,760","Ashanti, Kumasi Metropolitan",Brand New,https://tonaton.com/a_new-google-pixel-4a-128-gb-gray-wDliJV3V887XBXGwAKt1ikNm.html
206,New Samsung Galaxy S21 5G 128 GB,"GH₵ 2,890","Ashanti, Kumasi Metropolitan",Brand New,https://tonaton.com/a_new-samsung-galaxy-s21-5g-128-gb-wFifAhCvd5MzaDtA93nIwbz9.html
207,New Samsung Galaxy S9 64 GB Blue,"GH₵ 1,450","Ashanti, Kumasi Metropolitan",Brand New,https://tonaton.com/a_new-samsung-galaxy-s9-64-gb-blue-uhIWdb1d78zT5d0IUeboH26P.html
208,New Samsung Galaxy S8 64 GB Black,"GH₵ 1,330","Ashanti, Kumasi Metropolitan",Brand New,https://tonaton.com/a_new-samsung-galaxy-s8-64-gb-black-7ZobNKidmUEPdSHNXzZyAd0A.html
209,New Oppo A31 128 GB Black,GH₵ 880,"Ashanti, Kumasi Metropolitan",Brand New,https://tonaton.com/a_new-oppo-a31-128-gb-black-uioWS6rdpP3hzWIVntFPhbWv.html
210,New Samsung Galaxy Z Fold 3 256 GB Black,"GH₵ 8,200","Ashanti, Kumasi Metropolitan",Brand New,https://tonaton.com/a_new-samsung-galaxy-z-fold-3-256-gb-black-yB0bHQiqWPdb0QZAJolOecsz.html
211,New LG Wing 5G 128 GB Gray,"GH₵ 3,000","Ashanti, Kumasi Metropolitan",Brand New,https://tonaton.com/a_new-lg-wing-5g-128-gb-gray-p1V75La2by9znPFrkTk43KyX.html
212,New Samsung Galaxy A50 128 GB Black,"GH₵ 1,340","Ashanti, Kumasi Metropolitan",Brand New,https://tonaton.com/a_new-samsung-galaxy-a50-128-gb-black-1IkheMWUP5q8LrEdMUARTB36.html
213,New Huawei P40 Lite 128 GB Black,"GH₵ 1,300","Ashanti, Kumasi Metropolitan",Brand New,https://tonaton.com/a_new-huawei-p40-lite-128-gb-black-ilKjE8UAXk9wUm1ZexjWStpS.html
214,Apple iPhone 11 Pro Max 64 GB Black,"GH₵ 4,850","Ashanti, Kumasi Metropolitan",Used,https://tonaton.com/a_apple-iphone-11-pro-max-64-gb-black-va5Ooll4qXCHCqXbI6zt0AX5.html
215,New Samsung Galaxy A20 32 GB Black,"GH₵ 1,280","Ashanti, Kumasi Metropolitan",Brand New,https://tonaton.com/a_new-samsung-galaxy-a20-32-gb-black-5r4dprTCytiWUUFnGixfYUwh.html
216,New LG V30 64 GB,GH₵ 990,"Ashanti, Kumasi Metropolitan",Brand New,https://tonaton.com/a_new-lg-v30-64-gb-dNRkRCj1LsR7ZUGIMbMhlhQm.html
217,New Samsung Galaxy A42 5G 128 GB Black,"GH₵ 1,620","Ashanti, Kumasi Metropolitan",Brand New,https://tonaton.com/a_new-samsung-galaxy-a42-5g-128-gb-black-831MbmtqglfuUXOFTInE5i0R.html
218,New Samsung Galaxy S9 Plus 64 GB Black,"GH₵ 1,730","Ashanti, Kumasi Metropolitan",Brand New,https://tonaton.com/a_new-samsung-galaxy-s9-plus-64-gb-black-wKVfHSEE4lzXPo5OIPEBqO6H.html
219,Samsung Galaxy Note 5 32 GB Black,GH₵ 735,"Ashanti, Kumasi Metropolitan",Used,https://tonaton.com/a_samsung-galaxy-note-5-32-gb-black-6gtoSkbxVRdgFuweVdawpjKO.html
220,New Samsung Galaxy S22 Ultra 5G 128 GB Black,"GH₵ 6,850","Ashanti, Kumasi Metropolitan",Brand New,https://tonaton.com/a_new-samsung-galaxy-s22-ultra-5g-128-gb-black-pTjzV4rvX0CePyk2PAlR94Gc.html
221,New Samsung Galaxy S6 edge 32 GB Black,GH₵ 790,"Ashanti, Kumasi Metropolitan",Brand New,https://tonaton.com/a_new-samsung-galaxy-s6-edge-32-gb-black-yPhHC8hOzrvNpiTawNwbxF4H.html
222,New LG G8X Thinq 128 GB Black,"GH₵ 1,540","Ashanti, Kumasi Metropolitan",Brand New,https://tonaton.com/a_new-lg-g8x-thinq-128-gb-black-tYmcnYK4F4XTT0fwkMPGZdb9.html
223,New LG V50S Thinq 256 GB Black,"GH₵ 1,850","Ashanti, Kumasi Metropolitan",Brand New,https://tonaton.com/a_new-lg-v50s-thinq-256-gb-black-n3VD4R50XEX1zvHLYSeP72tY.html
224,New LG G8X Thinq 128 GB Black,"GH₵ 1,949","Ashanti, Kumasi Metropolitan",Brand New,https://tonaton.com/a_new-lg-g8x-thinq-128-gb-black-czJfnZXuZA9Ck9TEFD1sebBa.html
225,New Samsung Galaxy Note 10 Plus 5G 256 GB Black,"GH₵ 3,100","Ashanti, Kumasi Metropolitan",Brand New,https://tonaton.com/a_new-samsung-galaxy-note-10-plus-5g-256-gb-black-2IUxwVRRCQx0WgoDKKh7jNn2.html
226,New Samsung Galaxy S20+ 5G 128 GB Black,"GH₵ 2,500","Ashanti, Kumasi Metropolitan",Brand New,https://tonaton.com/a_new-samsung-galaxy-s20-5g-128-gb-black-eQVsOVOpq9gnqxy488G2USA5.html
227,New Samsung Galaxy S23 Ultra 256 GB White,"GH₵ 9,800","Ashanti, Kumasi Metropolitan",Brand New,https://tonaton.com/a_new-samsung-galaxy-s23-ultra-256-gb-white-tuaKronBss4AEIATTw3CG5C7.html
228,New Samsung Galaxy S6 32 GB Silver,GH₵ 690,"Ashanti, Kumasi Metropolitan",Brand New,https://tonaton.com/a_new-samsung-galaxy-s6-32-gb-silver-eN9QAx5MyaoUpLfX8JlXHYEd.html
229,New LG V60 ThinQ 5G 128 GB Blue,"GH₵ 2,790","Ashanti, Kumasi Metropolitan",Brand New,https://tonaton.com/a_new-lg-v60-thinq-5g-128-gb-blue-kVfxJLTxSKCciERLxK4aZ2yK.html
230,New Samsung Galaxy A12 64 GB Black,"GH₵ 1,450","Ashanti, Kumasi Metropolitan",Brand New,https://tonaton.com/a_new-samsung-galaxy-a12-64-gb-black-5XEU8Lkx0KKZ25lfxElfQgBi.html
231,New Samsung Galaxy S9 64 GB,"GH₵ 1,430","Ashanti, Kumasi Metropolitan",Brand New,https://tonaton.com/a_new-samsung-galaxy-s9-64-gb-k2F4MemTT3IqJloCyv5cfPZQ.html
232,New Samsung Galaxy S21 5G 128 GB Black,"GH₵ 2,950","Ashanti, Kumasi Metropolitan",Brand New,https://tonaton.com/a_new-samsung-galaxy-s21-5g-128-gb-black-1FW4obKyy7kWkBJSqgAO2y4Y.html
233,Apple iPhone XS Max 64 GB,"GH₵ 3,200","Ashanti, Kumasi Metropolitan",Used,https://tonaton.com/a_apple-iphone-xs-max-64-gb-mGZ9mNLLta5v41q74UmJL9f1.html
234,New Samsung Galaxy S8 Plus 64 GB Black,"GH₵ 1,460","Ashanti, Kumasi Metropolitan",Brand New,https://tonaton.com/a_new-samsung-galaxy-s8-plus-64-gb-black-XcTKUFa9ypp0mha3pgI8gTO.html
235,New LG Wing 5G 256 GB Black,"GH₵ 3,450","Ashanti, Kumasi Metropolitan",Brand New,https://tonaton.com/a_new-lg-wing-5g-256-gb-black-k2uqxisOQerIy37DIku5xdFp.html
236,New LG Velvet 128 GB Black,"GH₵ 3,295","Ashanti, Kumasi Metropolitan",Brand New,https://tonaton.com/a_new-lg-velvet-128-gb-black-zekgoxAhkCRFxPuSqOgXC7Cd.html
237,New Google Pixel 5a 5G 128 GB Black,"GH₵ 2,200","Ashanti, Kumasi Metropolitan",Brand New,https://tonaton.com/a_new-google-pixel-5a-5g-128-gb-black-fyXSo07o9DFH7JgXkkWEIdzD.html
238,New Huawei Mate 10 Lite 64 GB Black,GH₵ 850,"Ashanti, Kumasi Metropolitan",Brand New,https://tonaton.com/a_new-huawei-mate-10-lite-64-gb-black-ckIwO0XFIqhlHk3UREC2c66d.html
239,New LG V40 ThinQ 64 GB Black,"GH₵ 1,145","Ashanti, Kumasi Metropolitan",Brand New,https://tonaton.com/a_new-lg-v40-thinq-64-gb-black-g5Ym79Lx0iyQPCwezAWPrTXl.html
240,New Samsung Galaxy S20 128 GB,"GH₵ 2,390","Ashanti, Kumasi Metropolitan",Brand New,https://tonaton.com/a_new-samsung-galaxy-s20-128-gb-Bf0Z2Lq4qaCjFSxy0uslAUVX.html
241,New LG V50 ThinQ 128 GB,"GH₵ 1,520","Ashanti, Kumasi Metropolitan",Brand New,https://tonaton.com/a_new-lg-v50-thinq-128-gb-l9FvloiqONpEzR7nZnZTrF4q.html
242,New Samsung Galaxy S7 32 GB Black,GH₵ 785,"Ashanti, Kumasi Metropolitan",Brand New,https://tonaton.com/a_new-samsung-galaxy-s7-32-gb-black-daZTUSDgcSZthKt3BdOy4uau.html
243,New Huawei Y9 2018 128 GB Black,GH₵ 770,"Ashanti, Kumasi Metropolitan",Brand New,https://tonaton.com/a_new-huawei-y9-2018-128-gb-black-fAIDXMjV5LrjbJFqjdNV5RpT.html
244,Apple iPhone 11 64 GB Black,"GH₵ 3,299","Ashanti, Kumasi Metropolitan",Used,https://tonaton.com/a_apple-iphone-11-64-gb-black-aecHCsdhE2Y0CRsb9A5TiNmB.html
245,New Samsung Galaxy Note 9 128 GB Blue,"GH₵ 1,950","Ashanti, Kumasi Metropolitan",Brand New,https://tonaton.com/a_new-samsung-galaxy-note-9-128-gb-blue-yyCwB91xgqAALRlvBz68Muzg.html
246,New Huawei Y9 Prime 2019 128 GB Black,"GH₵ 1,100","Ashanti, Kumasi Metropolitan",Brand New,https://tonaton.com/a_new-huawei-y9-prime-2019-128-gb-black-n2JrdouVZ9ghi0bxrE6hMO5r.html
247,New Huawei P10 Lite 64 GB,GH₵ 750,"Ashanti, Kumasi Metropolitan",Brand New,https://tonaton.com/a_new-huawei-p10-lite-64-gb-5DaIy9RdXILF6OywgyL2R9mn.html
248,New LG G6 32 GB Silver,GH₵ 720,"Ashanti, Kumasi Metropolitan",Brand New,https://tonaton.com/a_new-lg-g6-32-gb-silver-eKYqzaxO9WU9rMWeRB0yBw8g.html
249,New Samsung Galaxy Note 10 256 GB,"GH₵ 2,550","Ashanti, Kumasi Metropolitan",Brand New,https://tonaton.com/a_new-samsung-galaxy-note-10-256-gb-klBprtTvId1jMFOH7llVKO0W.html
250,New Google Pixel 3 XL 64 GB Black,"GH₵ 1,580","Ashanti, Kumasi Metropolitan",Brand New,https://tonaton.com/a_new-google-pixel-3-xl-64-gb-black-fsE5ihtL7VPeg1HRTBy2R9WA.html
251,New Samsung Galaxy Note 8 64 GB Gold,"GH₵ 1,699","Ashanti, Kumasi Metropolitan",Brand New,https://tonaton.com/a_new-samsung-galaxy-note-8-64-gb-gold-yYZ3pxutDMeba8WfiTmfZZpg.html
252,New Google Pixel 4a 128 GB,"GH₵ 1,760","Ashanti, Kumasi Metropolitan",Brand New,https://tonaton.com/a_new-google-pixel-4a-128-gb-e07gt1oiByvDCcIS4e33e2kZ.html
253,New Google Pixel 6 128 GB Black,"GH₵ 3,299","Ashanti, Kumasi Metropolitan",Brand New,https://tonaton.com/a_new-google-pixel-6-128-gb-black-kUheZyNmYjYiCoYv504WFsN4.html
254,New Google Pixel 3 128 GB,"GH₵ 1,450","Ashanti, Kumasi Metropolitan",Brand New,https://tonaton.com/a_new-google-pixel-3-128-gb-aesiIb5xK1wzjOfgzK8POlr7.html
255,New LG G7 ThinQ 64 GB Black,GH₵ 985,"Ashanti, Kumasi Metropolitan",Brand New,https://tonaton.com/a_new-lg-g7-thinq-64-gb-black-cMJOcAmxXTu4kRkzVqRQ5K7V.html
256,New Huawei P30 Pro 128 GB,"GH₵ 2,470","Ashanti, Kumasi Metropolitan",Brand New,https://tonaton.com/a_new-huawei-p30-pro-128-gb-lhoE4LUE7DVbf234AIr4N21a.html
257,New Google Pixel 5 128 GB Green,"GH₵ 2,290","Ashanti, Kumasi Metropolitan",Brand New,https://tonaton.com/a_new-google-pixel-5-128-gb-green-wJVujNu1TvWBuFMONR0Q0x6Q.html
258,New LG V60 ThinQ 5G 128 GB,"GH₵ 4,500","Ashanti, Kumasi Metropolitan",Brand New,https://tonaton.com/a_new-lg-v60-thinq-5g-128-gb-wZXdcjDCcxTY0krjRQwYYqR4.html
259,New LG G5 32 GB,GH₵ 670,"Ashanti, Kumasi Metropolitan",Brand New,https://tonaton.com/a_new-lg-g5-32-gb-CjVWgtpjMddNQDtxIM90C2kn.html
260,New Samsung Galaxy Z Fold3 5G 512 GB Black,"GH₵ 8,600","Ashanti, Kumasi Metropolitan",Brand New,https://tonaton.com/a_new-samsung-galaxy-z-fold3-5g-512-gb-black-dwB1EqmbQZjzYnYZUf8fRB7S.html
261,New Samsung Galaxy S20 FE 128 GB,"GH₵ 2,300","Ashanti, Kumasi Metropolitan",Brand New,https://tonaton.com/a_new-samsung-galaxy-s20-fe-128-gb-hdhy79qoa2Jc71lMXqfbz0Q5.html
262,Apple iPhone 12 Pro Max 256 GB,"GH₵ 6,800","Ashanti, Kumasi Metropolitan",Used,https://tonaton.com/a_apple-iphone-12-pro-max-256-gb-lf2q4LxchtAcRrXyUtvv7HKE.html
263,New Huawei Honor 8x 128 GB Black,GH₵ 850,"Ashanti, Kumasi Metropolitan",Brand New,https://tonaton.com/a_new-huawei-honor-8x-128-gb-black-bcLFMsKrDzTMkoj2jDyr9M5V.html
264,New Google Pixel 4a 5G 128 GB Black,"GH₵ 1,670","Ashanti, Kumasi Metropolitan",Brand New,https://tonaton.com/a_new-google-pixel-4a-5g-128-gb-black-cwxmBoxzL19NpBKWNfWDlOqX.html
265,New Samsung Galaxy Note 20 Ultra 5G 128 GB Gold,"GH₵ 4,200","Ashanti, Kumasi Metropolitan",Brand New,https://tonaton.com/a_new-samsung-galaxy-note-20-ultra-5g-128-gb-gold-yMKjWEtKlgqv5KaN7PZI2xP2.html
266,New Google Pixel 3a 64 GB Black,"GH₵ 1,390","Ashanti, Kumasi Metropolitan",Brand New,https://tonaton.com/a_new-google-pixel-3a-64-gb-black-uZo2VMLFLLGgca4A2EReqWei.html
267,New Samsung Galaxy S21 Ultra 5G 128 GB Black,"GH₵ 4,500","Ashanti, Kumasi Metropolitan",Brand New,https://tonaton.com/a_new-samsung-galaxy-s21-ultra-5g-128-gb-black-1J492Mq025N7jOzyDede3fTQ.html
268,New Samsung Galaxy Z Flip 3 256 GB Black,"GH₵ 5,400","Ashanti, Kumasi Metropolitan",Brand New,https://tonaton.com/a_new-samsung-galaxy-z-flip-3-256-gb-black-7Md8BSZMbn4DACx7gHncorMD.html
269,New Huawei P10 Lite 64 GB Black,GH₵ 750,"Ashanti, Kumasi Metropolitan",Brand New,https://tonaton.com/a_new-huawei-p10-lite-64-gb-black-tHgFsSl7lqNsSTUAg3iZptC7.html
270,New Huawei Y9 2019 128 GB,GH₵ 880,"Ashanti, Kumasi Metropolitan",Brand New,https://tonaton.com/a_new-huawei-y9-2019-128-gb-BGBwazuBAZbVHfAvZzbLZgCK.html
271,New Tecno Spark 10 Pro 256 GB Blue,"GH₵ 1,350","Greater Accra, McCarthy Hill",Brand New,https://tonaton.com/a_new-tecno-spark-10-pro-256-gb-blue-aR4N370F6CRzwzg5LqMwCx3B.html
272,New Samsung Galaxy S20 Ultra 5G 512 GB Blue,"GH₵ 2,700","Greater Accra, McCarthy Hill",Brand New,https://tonaton.com/a_new-samsung-galaxy-s20-ultra-5g-512-gb-blue-pI0djUl3tQ3nFZ1O2PQqAAF7.html
273,New Apple iPhone 15 Pro Max 1 TB Black,"GH₵ 14,000","Greater Accra, McCarthy Hill",Brand New,https://tonaton.com/a_new-apple-iphone-15-pro-max-1-tb-black-uPDEVFbdGd5hZvFCMf7VUCA7.html
274,New Samsung Galaxy S22 5G 256 GB Black,"GH₵ 3,800","Greater Accra, McCarthy Hill",Brand New,https://tonaton.com/a_new-samsung-galaxy-s22-5g-256-gb-black-pXczHWOdh60vy0Qet0DEeKS5.html
275,New Infinix Hot 30i 128 GB Blue,"GH₵ 1,300","Greater Accra, McCarthy Hill",Brand New,https://tonaton.com/a_new-infinix-hot-30i-128-gb-blue-f5e0daKqDy5qhlXB8A6ZPO40.html
276,New Tecno Camon 20 Pro 256 GB Blue,"GH₵ 1,500","Greater Accra, McCarthy Hill",Brand New,https://tonaton.com/a_new-tecno-camon-20-pro-256-gb-blue-p42ZKUoporHehH7799IO3PzI.html
277,New Apple iPhone 14 Pro Max 1 TB Black,"GH₵ 11,000","Greater Accra, McCarthy Hill",Brand New,https://tonaton.com/a_new-apple-iphone-14-pro-max-1-tb-black-5mkQ6bsVTjoboAqB8TrjTXgk.html
278,New Samsung Galaxy S23 Ultra 512 GB White,"GH₵ 6,500","Greater Accra, McCarthy Hill",Brand New,https://tonaton.com/a_new-samsung-galaxy-s23-ultra-512-gb-white-rq60OKRky8HV10VI4LOSAltQ.html
279,New Samsung Galaxy S21 5G 256 GB White,"GH₵ 3,000","Greater Accra, McCarthy Hill",Brand New,https://tonaton.com/a_new-samsung-galaxy-s21-5g-256-gb-white-1euBucrhsaELJbPJ7ZwmBCKj.html
280,New Samsung Galaxy Note 20 Ultra 5G 512 GB Black,"GH₵ 4,900","Greater Accra, McCarthy Hill",Brand New,https://tonaton.com/a_new-samsung-galaxy-note-20-ultra-5g-512-gb-black-pfPcbUGfIirmBkRKjMVW0tkr.html
281,New Samsung Galaxy S21 Ultra 5G 512 GB,"GH₵ 3,550","Greater Accra, Accra Metropolitan",Brand New,https://tonaton.com/a_new-samsung-galaxy-s21-ultra-5g-512-gb-mWosexeLWZtDf91lfT4pQdm4.html
282,New Tecno Camon 20 Pro 256 GB,"GH₵ 1,730","Greater Accra, Accra Metropolitan",Brand New,https://tonaton.com/a_new-tecno-camon-20-pro-256-gb-fJXlr0sml3EyKiwd6m46aiP2.html
283,New Tecno Spark 10 Pro 256 GB,"GH₵ 1,370","Greater Accra, Accra Metropolitan",Brand New,https://tonaton.com/a_new-tecno-spark-10-pro-256-gb-vZPpMoyHyCqwRLj1DznJhX3b.html
284,New Tecno Spark 10 Pro 256 GB,"GH₵ 1,400","Greater Accra, Accra Metropolitan",Brand New,https://tonaton.com/a_new-tecno-spark-10-pro-256-gb-isWjz5ZCcWRi2RJ5BTFZ6UQH.html
285,New Tecno Camon 20 Premier 512 GB,"GH₵ 1,980","Greater Accra, Accra Metropolitan",Brand New,https://tonaton.com/a_new-tecno-camon-20-premier-512-gb-yxkKy1N0lFIvWfLNuzGBk3Eh.html
286,New Samsung Galaxy S22 Ultra 5G 512 GB,"GH₵ 4,950","Greater Accra, Accra Metropolitan",Brand New,https://tonaton.com/a_new-samsung-galaxy-s22-ultra-5g-512-gb-7OnWEfkWUerPVEyvAYslOM3G.html
287,New Tecno Camon 20 Premier 512 GB,"GH₵ 2,100","Greater Accra, Accra Metropolitan",Brand New,https://tonaton.com/a_new-tecno-camon-20-premier-512-gb-7vTdbgXRnXSzoomMzwnUvTRt.html
288,New Tecno Spark 10 Pro 256 GB,"GH₵ 1,345","Greater Accra, Accra Metropolitan",Brand New,https://tonaton.com/a_new-tecno-spark-10-pro-256-gb-3mU2VEbXQ8WkJLiGkrHGbkPv.html
289,New Samsung Galaxy S22 Ultra 5G 512 GB Black,"GH₵ 5,200","Greater Accra, Accra Metropolitan",Brand New,https://tonaton.com/a_new-samsung-galaxy-s22-ultra-5g-512-gb-black-1WKvP6sEEzHOIb19ugkJM5z.html
290,New Tecno Camon 20 Premier 5G 512 GB Blue,"GH₵ 2,050","Greater Accra, Accra Metropolitan",Brand New,https://tonaton.com/a_new-tecno-camon-20-premier-5g-512-gb-blue-bob4EdZBGnNQGrqT1NWtzSEz.html
291,New Samsung Galaxy A73 5G 256 GB Green,"GH₵ 2,250","Greater Accra, Accra Metropolitan",Brand New,https://tonaton.com/a_new-samsung-galaxy-a73-5g-256-gb-green-5CcMKaZjyIaccP2L6BFJSUlH.html
292,New Tecno Phantom X2 Pro 5G 256 GB Black,"GH₵ 1,700","Greater Accra, Accra Metropolitan",Brand New,https://tonaton.com/a_new-tecno-phantom-x2-pro-5g-256-gb-black-fHhwbRKAogXOlxzAejYFkZGQ.html
293,New Tecno Camon 20 Pro 256 GB Blue,"GH₵ 1,690","Greater Accra, Accra Metropolitan",Brand New,https://tonaton.com/a_new-tecno-camon-20-pro-256-gb-blue-co52BMmgokPRFpWDtBgBcWsL.html
294,New Samsung Galaxy S20 128 GB Black,"GH₵ 2,600","Greater Accra, Accra Metropolitan",Brand New,https://tonaton.com/a_new-samsung-galaxy-s20-128-gb-black-2zRDO1dbJHCeO8ncCPMIQ1XI.html
295,New Tecno Camon 20 Pro 256 GB Black,"GH₵ 1,700","Greater Accra, Accra Metropolitan",Brand New,https://tonaton.com/a_new-tecno-camon-20-pro-256-gb-black-apbFdlWI099gb2XrmUSgOhlK.html
296,New Tecno Spark 10 Pro 256 GB Black,"GH₵ 1,300","Greater Accra, Accra Metropolitan",Brand New,https://tonaton.com/a_new-tecno-spark-10-pro-256-gb-black-kNP8pGs0IoNx8OaxA7Dus9TW.html
297,New Infinix Hot 30 256 GB White,"GH₵ 1,330","Greater Accra, Accra Metropolitan",Brand New,https://tonaton.com/a_new-infinix-hot-30-256-gb-white-f1kRHqu304k1gythUARlETvP.html
298,New Tecno Phantom X2 Pro 5G 256 GB Gray,"GH₵ 1,700","Greater Accra, Accra Metropolitan",Brand New,https://tonaton.com/a_new-tecno-phantom-x2-pro-5g-256-gb-gray-k234yeCubtfLBOqtSizTcD81.html
299,New Tecno Camon 20 Premier  5G 512 GB Black,"GH₵ 1,800","Greater Accra, Accra Metropolitan",Brand New,https://tonaton.com/a_new-tecno-camon-20-premier-5g-512-gb-black-BFsFa6IIz398ou6DVYEjSfu9.html
300,New Tecno Pop 7 Pro 64 GB Black,GH₵ 950,"Greater Accra, Accra Metropolitan",Brand New,https://tonaton.com/a_new-tecno-pop-7-pro-64-gb-black-f6akvBI3MyWk04zoyASeaq6P.html
301,New Tecno Camon 20 Premier  5G 512 GB Black,"GH₵ 1,800","Greater Accra, Accra Metropolitan",Brand New,https://tonaton.com/a_new-tecno-camon-20-premier-5g-512-gb-black-hxMlwrkUSzt8HgOLnU25pz6o.html
302,New Tecno Spark 10 Pro 256 GB Black,"GH₵ 1,250","Greater Accra, Accra Metropolitan",Brand New,https://tonaton.com/a_new-tecno-spark-10-pro-256-gb-black-w5N1LHDvM7LebxJnLkQnzCm3.html
303,New Samsung Galaxy S21 Ultra 5G 512 GB Black,"GH₵ 4,100","Greater Accra, Accra Metropolitan",Brand New,https://tonaton.com/a_new-samsung-galaxy-s21-ultra-5g-512-gb-black-a5L47xgpsiV44Fo73BIENsUl.html
304,New Samsung Galaxy S21 Ultra 5G 512 GB Silver,"GH₵ 4,000","Greater Accra, Accra Metropolitan",Brand New,https://tonaton.com/a_new-samsung-galaxy-s21-ultra-5g-512-gb-silver-xguqWVw2HaTjWVfDx7ztawBa.html
305,New Tecno Camon 20 Premier 5G 512 GB Black,"GH₵ 1,900","Greater Accra, Accra Metropolitan",Brand New,https://tonaton.com/a_new-tecno-camon-20-premier-5g-512-gb-black-k7nxhGGPyV9rc6qJVclJbB26.html
306,New Samsung Galaxy A73 5G 256 GB Black,"GH₵ 2,300","Greater Accra, Accra Metropolitan",Brand New,https://tonaton.com/a_new-samsung-galaxy-a73-5g-256-gb-black-gbOGfXPJMLT62kGMbk0mmLXQ.html
307,New Infinix Hot 30 256 GB Black,"GH₵ 1,250","Greater Accra, Accra Metropolitan",Brand New,https://tonaton.com/a_new-infinix-hot-30-256-gb-black-8PpBSodaLCvsBtYun5Hv965v.html
308,New Samsung Galaxy A73 5G 256 GB Black,"GH₵ 2,200","Greater Accra, Accra Metropolitan",Brand New,https://tonaton.com/a_new-samsung-galaxy-a73-5g-256-gb-black-A3mdIpmcQhoNmPPulhhItJjj.html
309,New Tecno Spark 10 Pro 256 GB Black,"GH₵ 1,200","Greater Accra, Accra Metropolitan",Brand New,https://tonaton.com/a_new-tecno-spark-10-pro-256-gb-black-3NntibX0SvjQAyHeN1ZjZaKH.html
310,New 2E E500A 8 GB Green,GH₵ 85,"Greater Accra, Ga East Municipal","Bulk prices 
        
          Brand New",https://tonaton.com/a_new-2e-e500a-8-gb-green-u1ZuUIR7MzqqRQTNJgWoWNOt.html
311,New Mobile Phone Red,GH₵ 86,"Greater Accra, Ga East Municipal","Bulk prices 
        
          Brand New",https://tonaton.com/a_new-mobile-phone-red-sbCjMXVWbMmikWNIXPwlzWMp.html
312,New Mobile Phone White,GH₵ 86,"Greater Accra, Ga East Municipal","Bulk prices 
        
          Brand New",https://tonaton.com/a_new-mobile-phone-white-cLJWE846bUSMu6kiJfySgaj9.html
313,New Infinix Hot 30 256 GB Green,"GH₵ 1,150","Greater Accra, Accra Metropolitan",Brand New,https://tonaton.com/a_new-infinix-hot-30-256-gb-green-zqMcyBNSTqoPkRXZiBWR79Y0.html
314,New Infinix Hot 30 256 GB Black,"GH₵ 1,150","Greater Accra, Accra Metropolitan",Brand New,https://tonaton.com/a_new-infinix-hot-30-256-gb-black-ibZOnu8lRPb2e2XTtCidydQb.html
315,New Samsung Galaxy A54 5G 256 GB Blue,"GH₵ 2,600","Greater Accra, Accra Metropolitan",Brand New,https://tonaton.com/a_new-samsung-galaxy-a54-5g-256-gb-blue-iALXG8ss3ppN1UUzxSIvtgWt.html
316,New Infinix Hot 30 256 GB White,"GH₵ 1,200","Greater Accra, Accra Metropolitan",Brand New,https://tonaton.com/a_new-infinix-hot-30-256-gb-white-rNq0XA1MnZ9CBfdN6fg08Nar.html
317,New Apple iPhone 13 Pro Max 512 GB Blue,"GH₵ 7,200","Greater Accra, Accra Metropolitan",Brand New,https://tonaton.com/a_new-apple-iphone-13-pro-max-512-gb-blue-m8Br2b3bsUPie4gIj4GQXPMU.html
318,New Tecno Camon 20 Premier  5G 512 GB Black,"GH₵ 1,750","Greater Accra, Accra Metropolitan",Brand New,https://tonaton.com/a_new-tecno-camon-20-premier-5g-512-gb-black-5otDOyYiM5ulhEzWm2vX0SN2.html
319,New Tecno Spark 10 Pro 256 GB Blue,"GH₵ 1,200","Greater Accra, Accra Metropolitan",Brand New,https://tonaton.com/a_new-tecno-spark-10-pro-256-gb-blue-naJsSZoWBMioWBUqzQQDSci1.html
320,New Samsung Galaxy S20 Ultra 5G 512 GB Black,"GH₵ 2,500","Greater Accra, Accra Metropolitan",Brand New,https://tonaton.com/a_new-samsung-galaxy-s20-ultra-5g-512-gb-black-5obMTcI6ClmjRdlg3u9V4pCo.html
321,New Tecno Camon 20 Premier 5G 512 GB Black,"GH₵ 1,800","Greater Accra, Accra Metropolitan",Brand New,https://tonaton.com/a_new-tecno-camon-20-premier-5g-512-gb-black-51wJTpYN2di0OtifYzhX7DVF.html
322,New Tecno Camon 20 Pro 256 GB Black,"GH₵ 1,600","Greater Accra, Accra Metropolitan",Brand New,https://tonaton.com/a_new-tecno-camon-20-pro-256-gb-black-B3XkBMzn24EPpHGzfOtPH8Dn.html
323,New Tecno Spark 10 Pro 256 GB Blue,"GH₵ 1,200","Greater Accra, Accra Metropolitan",Brand New,https://tonaton.com/a_new-tecno-spark-10-pro-256-gb-blue-tuHaiCdEp90npuZ9rcseIIKA.html
324,New Tecno Camon 20 Pro 256 GB Black,"GH₵ 1,500","Greater Accra, Accra Metropolitan",Brand New,https://tonaton.com/a_new-tecno-camon-20-pro-256-gb-black-147fsZhxDCOcaNPYorvDlT4.html
325,New Tecno Spark 10 Pro 256 GB Black,"GH₵ 1,250","Greater Accra, Accra Metropolitan",Brand New,https://tonaton.com/a_new-tecno-spark-10-pro-256-gb-black-7BPSoCUuqb1tOvBw0J41ILoo.html
326,New Samsung Galaxy S21 Ultra 5G 512 GB Gray,"GH₵ 3,700","Greater Accra, Accra Metropolitan",Brand New,https://tonaton.com/a_new-samsung-galaxy-s21-ultra-5g-512-gb-gray-C4PzxLbgjOCBfVJzcIPKTrsG.html
327,New Samsung Galaxy S21 Ultra 5G 512 GB Black,"GH₵ 3,800","Greater Accra, Accra Metropolitan",Brand New,https://tonaton.com/a_new-samsung-galaxy-s21-ultra-5g-512-gb-black-B18arpq6XBKPqXSbi3lmjR45.html
328,New Samsung Galaxy A73 5G 256 GB Black,"GH₵ 1,850","Greater Accra, Accra Metropolitan",Brand New,https://tonaton.com/a_new-samsung-galaxy-a73-5g-256-gb-black-r4CWyRfZw1yh2KWIQAHYAczW.html
329,New Tecno Spark 10 Pro 256 GB Blue,"GH₵ 1,300","Greater Accra, Accra Metropolitan",Brand New,https://tonaton.com/a_new-tecno-spark-10-pro-256-gb-blue-shJZKoy2tnT54tnj7PPGeVAg.html
330,New Samsung Galaxy S22 Ultra 5G 512 GB,"GH₵ 5,000","Greater Accra, Accra Metropolitan",Brand New,https://tonaton.com/a_new-samsung-galaxy-s22-ultra-5g-512-gb-2uchPwGLf0w0Xv1Ha1DI532R.html
331,New Samsung Galaxy S22 Ultra 5G 512 GB Black,"GH₵ 5,300","Greater Accra, Tema Metropolitan",Brand New,https://tonaton.com/a_new-samsung-galaxy-s22-ultra-5g-512-gb-black-Ianu9wj1y2rqOI0dCLobnbE.html
332,New Samsung Galaxy S22 Ultra 5G 512 GB Black,"GH₵ 6,200","Greater Accra, Accra Metropolitan",Brand New,https://tonaton.com/a_new-samsung-galaxy-s22-ultra-5g-512-gb-black-354tnziLmE4Vr765dBbtG0Ze.html
333,New Infinix Hot 30 128 GB Black,"GH₵ 1,250","Greater Accra, Accra Metropolitan",Brand New,https://tonaton.com/a_new-infinix-hot-30-128-gb-black-65P6J2wNAu4JxcIiXADH0OF2.html
334,New Tecno Camon 20 Pro 256 GB Black,"GH₵ 1,550","Greater Accra, Accra Metropolitan",Brand New,https://tonaton.com/a_new-tecno-camon-20-pro-256-gb-black-mvxW93PX96MgTNugMjBAcLPJ.html
335,New Samsung Galaxy S20 Ultra 5G 512 GB,"GH₵ 3,000","Greater Accra, Accra Metropolitan",Brand New,https://tonaton.com/a_new-samsung-galaxy-s20-ultra-5g-512-gb-uYx8UksSFsaHnTMYFXVjbyrM.html
336,New Tecno Spark 10 Pro 256 GB Blue,"GH₵ 1,200","Greater Accra, Accra Metropolitan",Brand New,https://tonaton.com/a_new-tecno-spark-10-pro-256-gb-blue-vde7FwngCo2fttHWVJdZspyF.html
337,New Samsung Galaxy A73 5G 256 GB Black,"GH₵ 1,800","Greater Accra, Accra Metropolitan",Brand New,https://tonaton.com/a_new-samsung-galaxy-a73-5g-256-gb-black-GasFgax0rZ8ebmiUjkUOiPL.html
338,New Tecno Camon 20 Pro 256 GB Blue,"GH₵ 1,550","Greater Accra, Accra Metropolitan",Brand New,https://tonaton.com/a_new-tecno-camon-20-pro-256-gb-blue-8YI5sLR6ptNCeGfS4heLpS0A.html
339,Apple iPhone 15 Pro Max 512 GB Gray,"GH₵ 13,500","Greater Accra, Ablekuma",Used,https://tonaton.com/a_apple-iphone-15-pro-max-512-gb-gray-r9KhNJi1lHTwy5tNx4aaJVsI.html
340,Apple iPhone 14 Pro Max 1 TB Silver,"GH₵ 12,000","Greater Accra, Ablekuma",Used,https://tonaton.com/a_apple-iphone-14-pro-max-1-tb-silver-fqdCgpmsf66uOt4bTNS5gsB8.html
341,Apple iPhone 12 Pro Max 256 GB Gold,"GH₵ 6,000","Greater Accra, Ablekuma",Used,https://tonaton.com/a_apple-iphone-12-pro-max-256-gb-gold-6CtKcBSCBmiYvuCaXt0hOfO4.html
342,Samsung Galaxy S23 Ultra 256 GB Green,"GH₵ 6,200","Greater Accra, Ablekuma",Used,https://tonaton.com/a_samsung-galaxy-s23-ultra-256-gb-green-ijMRhsRHhU6OqUfZsvKXc1JU.html
343,New Apple iPhone 13 128 GB Gray,"GH₵ 8,200","Greater Accra, Ablekuma",Brand New,https://tonaton.com/a_new-apple-iphone-13-128-gb-gray-52WYMrZAyxEzxDoouhcsGO1u.html
344,New Samsung Galaxy A73 5G 256 GB Black,"GH₵ 2,420","Greater Accra, Dansoman",Brand New,https://tonaton.com/a_new-samsung-galaxy-a73-5g-256-gb-black-spI1xiij8iV0AWJwHF5ihMhO.html
345,New Samsung Galaxy S20 Ultra 5G 512 GB Black,"GH₵ 2,880","Greater Accra, Dansoman",Brand New,https://tonaton.com/a_new-samsung-galaxy-s20-ultra-5g-512-gb-black-C5zZ1yNINmfP9SAh35I051Ry.html
346,New Tecno Camon 20 Pro 256 GB Blue,"GH₵ 1,766","Greater Accra, Dansoman",Brand New,https://tonaton.com/a_new-tecno-camon-20-pro-256-gb-blue-5oeIjIuJIgsVbGBUejGMeh7E.html
347,New Samsung Galaxy S21 Ultra 5G 512 GB Black,"GH₵ 4,099","Greater Accra, Dansoman",Brand New,https://tonaton.com/a_new-samsung-galaxy-s21-ultra-5g-512-gb-black-p0z4cu6TdjkRZJ3wvN6m0DmX.html
348,New Samsung Galaxy S23 Ultra 512 GB Green,"GH₵ 10,500","Greater Accra, Dansoman",Brand New,https://tonaton.com/a_new-samsung-galaxy-s23-ultra-512-gb-green-hmiKsfoTPLYBjoYGybVD1ftk.html
349,New Tecno Camon 20 Pro 256 GB Blue,"GH₵ 1,760","Greater Accra, Dansoman",Brand New,https://tonaton.com/a_new-tecno-camon-20-pro-256-gb-blue-hkTPVJ9f9lMMKpKsYvDrNm2S.html
350,New Tecno Spark 10 Pro 256 GB White,"GH₵ 1,400","Greater Accra, Dansoman",Brand New,https://tonaton.com/a_new-tecno-spark-10-pro-256-gb-white-2x7ykbAIGIwXYMa09DS4nhp2.html
351,New Tecno Spark 10 Pro 256 GB Silver,"GH₵ 1,380","Greater Accra, Dansoman",Brand New,https://tonaton.com/a_new-tecno-spark-10-pro-256-gb-silver-gey7oBueiMj7PW19kGVEvMKe.html
352,New Samsung Galaxy S22 Ultra 5G 512 GB,"GH₵ 5,700","Greater Accra, Dansoman",Brand New,https://tonaton.com/a_new-samsung-galaxy-s22-ultra-5g-512-gb-cX1om8jcnjXyxIseHCrSbtZM.html
353,New Samsung Galaxy S20 Ultra 5G 256 GB Black,"GH₵ 3,085","Greater Accra, Dansoman",Brand New,https://tonaton.com/a_new-samsung-galaxy-s20-ultra-5g-256-gb-black-s3k9epB7jy1mWjmyws4CpN0y.html
354,New Tecno Spark 10 Pro 256 GB Blue,"GH₵ 1,385","Greater Accra, Dansoman",Brand New,https://tonaton.com/a_new-tecno-spark-10-pro-256-gb-blue-tDxCcvgC8jglNktGt4WR3jJK.html
355,New Tecno Spark 10 Pro 256 GB Black,"GH₵ 1,400","Greater Accra, Dansoman",Brand New,https://tonaton.com/a_new-tecno-spark-10-pro-256-gb-black-dSDfvfdpVcjOIX2OdBVxUzhO.html
356,New Samsung Galaxy S22 Ultra 5G 512 GB Green,"GH₵ 5,556","Greater Accra, Dansoman",Brand New,https://tonaton.com/a_new-samsung-galaxy-s22-ultra-5g-512-gb-green-a3JiB9gAa9WffVbSUBWl9If5.html
357,New Tecno Camon 20 Pro 256 GB Blue,"GH₵ 1,715","Greater Accra, Dansoman",Brand New,https://tonaton.com/a_new-tecno-camon-20-pro-256-gb-blue-uPMGMLxCWoU9VlcjA9QaXW6t.html
358,New Samsung Galaxy S22 Ultra 5G 512 GB,"GH₵ 5,620","Greater Accra, Dansoman",Brand New,https://tonaton.com/a_new-samsung-galaxy-s22-ultra-5g-512-gb-kLrAnu1UITSZFtiKFSoE3irE.html
359,New Samsung Galaxy S21 Ultra 5G 512 GB Black,"GH₵ 4,000","Greater Accra, Dansoman",Brand New,https://tonaton.com/a_new-samsung-galaxy-s21-ultra-5g-512-gb-black-pJgfR0oZbSPyq2aV73JnMQ4W.html
